"Timestamp","Username","What is your gender?","What degree are you currently in?","If you are a PhD student, are you done with your course work?","Was your previous degree in the US?","Are you looking for a job within the next year?","If you are a graduate student, is your graduate work in the same area of study as your undergrad?","Are you a part of any clubs or sports on campus?","If so, is it related to your academic interest?","On average how much time (in Hrs) do you spend on you club activities per week?","Does these clubs effect your academic performance?","Do you regularly participate in social activities outside of work for your degree?","How much time (in Hrs) a week do you spend on social activities?","Do you think this time positively time impacts your academic performance? ( Does taking regulated breaks from work, help with concentration, thinking etc.)","Did you apply for any scholarship or funding that pays for your degree?","Do you have any scholarship or funding that pays for your degree?","Are you taking out loans to pay for courses?","Are your living expenses (ex. rent and food) covered with your university funding or loan?","Do you have a job outside of your work for your degree?","If so, how many hours per week is spent on these jobs?","Does this work affect you academic performance?","Are you satisfied with your grades?"
"2021/11/24 2:17:53 PM EST","jha16@purdue.edu","Female","PhD","Yes","No","Yes","No","Yes","No","2 ","Yes","Yes","4","Yes","Yes","Yes","No","Yes","No","NA","","Above Expectations"
"2021/11/24 6:58:17 PM EST","achary17@purdue.edu","Male","Masters","","No","No","No","No","Yes","0","No","Yes","5","Yes","No","No","No","No","No","","No","Above Expectations"
"2021/11/24 9:17:04 PM EST","mann121@purdue.edu","Male","Masters","No","No","Yes","No","No","No","Na","No","Yes","10","Yes","No","No","Yes","No","No","","","Above Expectations"
"2021/11/25 11:50:41 AM EST","ashish@purdue.edu","Male","Masters","No","Yes","No","Yes","Yes","Yes","10","No","Yes","5","No","Yes","Yes","No","Yes","No","","No","Above Expectations"
"2021/11/25 12:59:21 PM EST","arclive202@gmail.com","Male","Masters","No","No","Yes","Yes","No","No","NA","No","No","NA","Yes","No","Yes","No","Yes","No","NA","No","Just meets expectations"
"2021/11/25 1:08:04 PM EST","jain401@purdue.edu","Female","Masters","No","No","Yes","No","No","No","NA","No","Yes","5","Yes","Yes","Yes","Yes","Yes","No","NA","No","Above Expectations"
"2021/11/26 10:56:08 AM EST","aritri.hp@gmail.com","Female","Masters","No","No","Yes","Yes","No","No","0","No","Yes","10","Yes","Yes","No","No","No","Yes","10","No","Above Expectations"
"2021/11/26 2:56:20 PM EST","mtavako@purdue.edu","male","Option 3","No","No","No","Yes","No","","","","Yes","4 Hrs","Yes","Yes","Yes","No","Yes","No","","","Just meets expectations"
"2021/11/26 3:40:13 PM EST","shimaa.jahani@gmail.com","Female","Masters","","No","Yes","No","No","","","","Yes","2","No","Yes","Yes","No","Yes","No","","",""
"2021/11/26 9:54:01 PM EST","haminikh@purdue.edu","male","Option 3","Yes","No","No","No","Yes","No","1","Yes","No","","No","Yes","Yes","No","Yes","No","0","No","Above Expectations"
"2021/11/28 12:59:02 PM EST","aramaset@purdue.edu","Option 1","Masters","","No","No","Yes","No","No","0","No","Yes","3","Yes","Yes","Yes","Yes","Yes","Yes","20","No","Just meets expectations"
"2021/11/28 1:40:34 PM EST","sshafari@purdue.edu","Male","Masters;Option 3","Yes","Yes","Yes","Yes","Yes","Yes","10","Yes","Yes","5","Yes","Yes","Yes","No","Yes","No","","No","Above Expectations"
"2021/11/28 1:44:18 PM EST","zmanzoo@purdue.edu","Female","Option 3","Yes","Yes","No","Yes","No","No","0","No","No","","","No","","","","","","","Above Expectations"
"2021/11/28 2:01:07 PM EST","aahmadza@purdue.edu","Male","Ph.D.","Yes","Yes","Yes","Yes","No","No","0","","No","0","Yes","Yes","Yes","No","Yes","No","","","Just meets expectations"
"2021/11/28 2:07:06 PM EST","pyousefi@purdue.edu","Male","Ph.D.","Yes","No","Yes","No","No","","","","Yes","10","Yes","No","No","No","Yes","No","","","Above Expectations"
"2021/11/28 2:11:51 PM EST","rderakhs@purdue.edu","Female","Ph.D.","No","No","No","Yes","No","","0","","No","0","Yes","No","Yes","No","Yes","No","0","Yes","Above Expectations"
"2021/11/28 2:18:09 PM EST","zmanzoo@purdue.edu","Female","Ph.D.","Yes","No","Yes","Yes","No","No","0","No","No","1-2","Yes","No","No","No","No","No","","No","Above Expectations"
"2021/11/28 2:18:14 PM EST","darwinreddy.k@gmail.com","Male","Masters","No","No","No","Yes","No","No","0","No","No","0","Yes","No","No","Yes","Yes","No","0","","Just meets expectations"
"2021/11/28 2:25:09 PM EST","mohammaz@purdue.edu","Female","Ph.D.","Yes","No","No","No","Yes","No","2","No","Yes","3-4","Yes","No","Yes","No","Yes","No","","No","Above Expectations"
"2021/11/28 2:58:51 PM EST","jeshragh@purdue.edu","Male","Ph.D.","Yes","No","Yes","Yes","No","No","","No","Yes","10","Yes","No","Yes","No","Yes","No","0","No","Just meets expectations"
"2021/11/28 3:21:37 PM EST","rsethuvi@purdue.edu","Female","Ph.D.","No","No","No","No","No","","","","No","","","No","Yes","No","Yes","No","","",""
"2021/11/28 3:48:04 PM EST","rsajedi@gmail.com","Male","Ph.D.","Yes","Yes","Yes","No","No","No","0","No","Yes","4","Yes","Yes","Yes","No","Yes","No","0","No","Just meets expectations"
"2021/11/28 4:35:14 PM EST","fzhmasoomi@gmail.com","Female","Ph.D.","No","Yes","No","No","No","No","0","No","No","3","Yes","No","Yes","No","Yes","No","0","No","Unsatisfied"
"2021/11/28 5:19:01 PM EST","nsuriana@purdue.edu","Male","Ph.D.","No","Yes","No","Yes","No","","","","Yes","10","Yes","No","No","No","Yes","No","","","Just meets expectations"
"2021/11/28 6:20:07 PM EST","zhang5100209233@gmail.com","Male","Ph.D.","Yes","Yes","Yes","Yes","No","","","","No","","","No","Yes","No","Yes","No","","","Just meets expectations"
"2021/11/28 6:56:31 PM EST","scvchandras@gmail.com","Male","Masters","","No","Yes","No","No","","","No","Yes","12","Yes","No","Yes","Yes","No","No","","No","Just meets expectations"
"2021/11/28 7:03:05 PM EST","haminikh@purdue.edu","Male","Ph.D.","Yes","No","No","No","Yes","No","1","No","No","","No","Yes","Yes","No","","No","","","Just meets expectations"
"2021/11/28 9:53:42 PM EST","rbardool@purdue.edu","Female","Ph.D.","Yes","No","Yes","Yes","No","No","0","Yes","No","0","Yes","No","No","No","No","No","0","No","Above Expectations"
"2021/11/28 9:59:03 PM EST","hebrahim@purdue.edu","Male","Ph.D.","Yes","Yes","Yes","Yes","No","","","","Yes","5","Yes","No","Yes","No","Yes","No","","","Above Expectations"
"2021/11/28 11:20:42 PM EST","mmorshed@purdue.edu","Male","Ph.D.","No","No","No","Yes","Yes","No","6","Yes","Yes","2","Yes","Yes","Yes","No","Yes","No","","","Above Expectations"
"2021/11/29 1:16:01 PM EST","zhan1472@purdue.edu","Male","Ph.D.","Yes","Yes","Yes","Yes","No","","0","","","10","Yes","No","Yes","No","Yes","No","","","Just meets expectations"
"2021/11/29 1:22:41 PM EST","ramir120@purdue.edu","Female","Ph.D.","Yes","Yes","Yes","No","No","No","0","No","Yes","5","Yes","Yes","Yes","No","Yes","No","0","","Just meets expectations"
"2021/11/29 1:30:29 PM EST","ritter33@purdue.edu","Female","Masters","No","Yes","No","Yes","Yes","No","4","No","Yes","5","Yes","No","Yes","No","Yes","No","","","Just meets expectations"
"2021/11/29 1:33:42 PM EST","chong54@purdue.edu","Male","Masters","No","Yes","No","No","No","","","","Yes","5","Yes","No","Yes","No","Yes","No","","","Above Expectations"
"2021/11/29 2:10:20 PM EST","das139@purdue.edu","Male","Ph.D.","No","Yes","No","Yes","No","No","","No","No","8","Yes","No","Yes","No","Yes","No","","","Just meets expectations"
"2021/11/29 2:10:32 PM EST","ghosh45@purdue.edu","Male","Undergraduate","","","No","","No","","","","Yes","10","Yes","No","No","No","","No","","","Just meets expectations"
"2021/11/29 2:11:05 PM EST","mcneile@purdue.edu","Female","Undergraduate","","","","","No","","","","Yes","10","Yes","Yes","No","Yes","No","Yes","20","Yes","Just meets expectations"
"2021/11/29 2:11:12 PM EST","lfahler@purdue.edu","Female","Undergraduate","","Yes","No","","Yes","No","1.5","Yes","Yes","2","Yes","Yes","Yes","No","No","No","","","Just meets expectations"
"2021/11/29 2:45:26 PM EST","17fischerm@gmail.com","Female","Masters;Undergraduate","","Yes","Yes","No","Yes","Yes","0.25","Yes","No","","Yes","Yes","Yes","Yes","No","No","","","Unsatisfied"
"2021/11/29 11:20:29 PM EST","sthorman@purdue.edu","Female","Undergraduate","","","No","","Yes","No","4","No","Yes","10","Yes","Yes","Yes","No","No","Yes","25","Yes","Above Expectations"